lang_npe_1,partially_matched,matched,matched,matched,matched,matched,matched,matched,matched,matched
lang_npe_2,not_matched,not_matched,not_matched,not_matched,not_matched,not_matched,not_matched,not_matched,not_matched,not_matched
lang_npe_3,matched,matched,matched,matched,matched,matched,matched,matched,matched,matched
lang_npe_4,matched,matched,matched,matched,matched,matched,matched,matched,matched,matched
lang_npe_5,matched,matched,matched,matched,matched,matched,matched,matched,matched,matched
lang_npe_6,matched,matched,matched,matched,matched,matched,matched,matched,matched,matched
lang_npe_7,matched,matched,matched,matched,matched,matched,matched,matched,matched,matched
lang_npe_8,matched,matched,matched,matched,matched,matched,matched,matched,matched,matched
lang_npe_9,partially_matched,matched,matched,matched,matched,matched,matched,matched,matched,matched
lang_npe_10,partially_matched,matched,matched,matched,matched,matched,matched,matched,matched,matched
lang_npe_11,matched,matched,matched,matched,matched,matched,matched,matched,matched,matched
lang_npe_12,matched,matched,matched,matched,matched,matched,matched,matched,matched,matched
lang_npe_13,matched,matched,matched,matched,matched,matched,matched,matched,matched,matched
math_npe_1,matched,matched,matched,matched,matched,matched,matched,matched,matched,matched
math_npe_2,partially_matched,partially_matched,partially_matched,matched,matched,matched,matched,matched,matched,matched
math_npe_3,matched,matched,matched,matched,matched,matched,matched,matched,matched,matched
collections_npe_1,matched,matched,matched,matched,matched,matched,matched,matched,matched,matched
collections_npe_2,partially_matched,partially_matched,partially_matched,partially_matched,matched,matched,matched,matched,matched,matched
collections_npe_3,partially_matched,partially_matched,partially_matched,partially_matched,partially_matched,partially_matched,partially_matched,matched,matched,matched
commons-io_npe_1,matched,matched,matched,matched,matched,matched,matched,matched,matched,matched
commons-io_npe_2,matched,matched,matched,matched,matched,matched,matched,matched,matched,matched
commons-io_npe_3,partially_matched,partially_matched,partially_matched,partially_matched,partially_matched,partially_matched,matched,matched,matched,matched
commons-io_npe_4,matched,matched,matched,matched,matched,matched,matched,matched,matched,matched
commons-io_npe_5,partially_matched,partially_matched,partially_matched,partially_matched,partially_matched,partially_matched,partially_matched,partially_matched,partially_matched,partially_matched
commons-io_npe_6,matched,matched,matched,matched,matched,matched,matched,matched,matched,matched
commons-io_npe_7,matched,matched,matched,matched,matched,matched,matched,matched,matched,matched
commons-io_npe_8,not_matched,not_matched,not_matched,matched,matched,matched,matched,matched,matched,matched
commons-io_npe_9,partially_matched,matched,matched,matched,matched,matched,matched,matched,matched,matched
commons-io_npe_10,matched,matched,matched,matched,matched,matched,matched,matched,matched,matched
commons-io_npe_11,not_matched,not_matched,partially_matched,partially_matched,partially_matched,partially_matched,partially_matched,partially_matched,partially_matched,partially_matched
commons-io_npe_12,matched,matched,matched,matched,matched,matched,matched,matched,matched,matched
commons-io_npe_13,partially_matched,matched,matched,matched,matched,matched,matched,matched,matched,matched
commons-io_npe_14,not_matched,not_matched,matched,matched,matched,matched,matched,matched,matched,matched
commons-io_npe_15,matched,matched,matched,matched,matched,matched,matched,matched,matched,matched
commons-io_npe_16,matched,matched,matched,matched,matched,matched,matched,matched,matched,matched
commons-io_npe_17,matched,matched,matched,matched,matched,matched,matched,matched,matched,matched
commons-io_npe_18,matched,matched,matched,matched,matched,matched,matched,matched,matched,matched
commons-io_npe_19,matched,matched,matched,matched,matched,matched,matched,matched,matched,matched
d4j_chart_2,not_matched,partially_matched,partially_matched,matched,matched,matched,matched,matched,matched,matched
d4j_chart_4,matched,matched,matched,matched,matched,matched,matched,matched,matched,matched
d4j_chart_14,not_matched,partially_matched,partially_matched,partially_matched,partially_matched,partially_matched,partially_matched,partially_matched,partially_matched,partially_matched
d4j_chart_16,partially_matched,matched,matched,matched,matched,matched,matched,matched,matched,matched
d4j_cli_5,matched,matched,matched,matched,matched,matched,matched,matched,matched,matched
d4j_cli_30,partially_matched,partially_matched,matched,matched,matched,matched,matched,matched,matched,matched
d4j_closure_2,matched,matched,matched,matched,matched,matched,matched,matched,matched,matched
d4j_closure_171,not_matched,not_matched,not_matched,not_matched,not_matched,not_matched,not_matched,not_matched,not_matched,not_matched
d4j_codec_5,matched,matched,matched,matched,matched,matched,matched,matched,matched,matched
d4j_codec_13,matched,matched,matched,matched,matched,matched,matched,matched,matched,matched
d4j_codec_17,matched,matched,matched,matched,matched,matched,matched,matched,matched,matched
d4j_csv_4,not_matched,not_matched,not_matched,not_matched,not_matched,not_matched,not_matched,not_matched,not_matched,not_matched
d4j_csv_9,matched,matched,matched,matched,matched,matched,matched,matched,matched,matched
d4j_csv_11,matched,matched,matched,matched,matched,matched,matched,matched,matched,matched
d4j_gson_6,matched,matched,matched,matched,matched,matched,matched,matched,matched,matched
d4j_gson_9,not_matched,not_matched,not_matched,not_matched,not_matched,not_matched,not_matched,not_matched,not_matched,not_matched
d4j_jacksoncore_8,not_matched,not_matched,not_matched,matched,matched,matched,matched,matched,matched,matched
d4j_jacksondatabind_3,matched,matched,matched,matched,matched,matched,matched,matched,matched,matched
d4j_jacksondatabind_13,not_matched,partially_matched,matched,matched,matched,matched,matched,matched,matched,matched
d4j_jacksondatabind_80,not_matched,not_matched,matched,matched,matched,matched,matched,matched,matched,matched
d4j_jacksondatabind_93,matched,matched,matched,matched,matched,matched,matched,matched,matched,matched
d4j_jacksondatabind_95,not_matched,not_matched,not_matched,not_matched,not_matched,not_matched,not_matched,not_matched,not_matched,not_matched
d4j_jacksondatabind_107,not_matched,not_matched,not_matched,not_matched,not_matched,not_matched,not_matched,not_matched,not_matched,not_matched
d4j_jsoup_8,matched,matched,matched,matched,matched,matched,matched,matched,matched,matched
d4j_jsoup_22,matched,matched,matched,matched,matched,matched,matched,matched,matched,matched
d4j_jsoup_26,not_matched,matched,matched,matched,matched,matched,matched,matched,matched,matched
d4j_jsoup_66,not_matched,not_matched,not_matched,not_matched,not_matched,not_matched,not_matched,not_matched,not_matched,not_matched
d4j_jsoup_89,matched,matched,matched,matched,matched,matched,matched,matched,matched,matched
d4j_lang_20,partially_matched,matched,matched,matched,matched,matched,matched,matched,matched,matched
d4j_lang_33,matched,matched,matched,matched,matched,matched,matched,matched,matched,matched
d4j_lang_39,matched,matched,matched,matched,matched,matched,matched,matched,matched,matched
d4j_lang_47,not_matched,not_matched,not_matched,not_matched,not_matched,not_matched,not_matched,not_matched,not_matched,not_matched
d4j_lang_57,matched,matched,matched,matched,matched,matched,matched,matched,matched,matched
d4j_math_4,partially_matched,matched,matched,matched,matched,matched,matched,matched,matched,matched
d4j_math_70,not_matched,not_matched,matched,matched,matched,matched,matched,matched,matched,matched
d4j_math_79,not_matched,not_matched,not_matched,not_matched,not_matched,not_matched,not_matched,not_matched,not_matched,not_matched
d4j_mockito_18,matched,matched,matched,matched,matched,matched,matched,matched,matched,matched
d4j_mockito_38,matched,matched,matched,matched,matched,matched,matched,matched,matched,matched
